unit_id,state,vet_pct,c_company_kia,suff_57_yes,suff_65_yes,diff_suff,elig_1865
ia_1,IOWA,0.392145381219758,-0.214531975785579,0.046583850931677,0.857142857142857,0.81055900621118,322
ia_2,IOWA,0.339061832549054,0.272264659231342,0.032,0.764,0.732,500
ia_3,IOWA,0.251756618142382,0.0213124163229769,0.0472689075630252,0.385241596638656,0.33797268907563,3808
ia_4,IOWA,0.393022940739652,-0.0572210978061256,0.0179589509692132,0.373432155074116,0.355473204104903,3508
ia_5,IOWA,0.153846153846154,-0.0274789670190947,0.0288461538461538,0.788461538461538,0.759615384615385,104
ia_6,IOWA,0.394566385245709,0.360173408969113,0.0322911327524347,0.934392619169657,0.902101486417222,1951
ia_7,IOWA,0.48100869628389,0.163158171056603,0.0307923394667668,0.865940668419076,0.835148328952309,2663
ia_8,IOWA,0.390762982072663,0.302104666715804,0.0351288056206089,0.949258391881343,0.914129586260734,1281
ia_9,IOWA,0.211593993450146,0.0604195888753314,0.0547858942065491,0.829974811083124,0.775188916876574,1588
ia_10,IOWA,0.299237328616262,0.0118452553936835,0.118982387475538,0.699412915851272,0.580430528375734,2555
ia_12,IOWA,0.516393492101798,0.11888686876016,0.0734177215189873,0.823628691983122,0.750210970464135,1185
ia_14,IOWA,0.267015992083651,0.0464637042332717,0.0128205128205128,0.884615384615385,0.871794871794872,78
ia_15,IOWA,0.31593460022281,-0.147369662495077,0,0.59304347826087,0.59304347826087,575
ia_16,IOWA,0.302613616335367,-0.0806022410739896,0.0499729875742842,0.502701242571583,0.452728254997299,3702
ia_19,IOWA,0.304248268025545,0.0478478555969411,0.0672579453067258,0.645232815964523,0.577974870657798,1353
ia_20,IOWA,0.252573723451413,-0.241406855790592,0.0127504553734062,0.527018822100789,0.514268366727383,1647
ia_22,IOWA,0.171901290430198,-0.0779918697071601,0.0209742895805142,0.384979702300406,0.364005412719892,1478
ia_23,IOWA,0.280633014271819,-0.0107554868889686,0.0291500460263885,0.487879717704817,0.458729671678429,3259
ia_25,IOWA,0.297398788388315,-0.155186077521196,0.080737444373808,0.7177368086459,0.636999364272092,1573
ia_26,IOWA,0.22799814160755,0.302263174643109,0.00681265206812652,0.310705596107056,0.303892944038929,4110
ia_27,IOWA,0.319676997414765,-0.0411921304483619,0.00792452830188679,0.311320754716981,0.303396226415094,2650
ia_28,IOWA,0.152106784882429,0.0641197065044648,0.0699001426533524,0.599144079885877,0.529243937232525,701
ia_29,IOWA,0.490889392080708,-0.0197315474746991,0.0101174934725849,0.360313315926893,0.350195822454308,3064
ia_31,IOWA,0.21406025475595,0.0102983553662612,0.0110845839017735,0.250341064120055,0.239256480218281,5864
ia_33,IOWA,0.292478472687901,-0.0357439808671195,0.0841346153846154,0.503739316239316,0.419604700854701,3744
ia_34,IOWA,0.283397019146755,0.105005688760002,0.138039215686275,0.894117647058824,0.756078431372549,1275
ia_36,IOWA,0.258946786395927,0.1272222048533,0.0193621867881549,0.452164009111617,0.432801822323462,1756
ia_37,IOWA,0.407227981136351,0.391512132003869,0.00740740740740741,0.790123456790123,0.782716049382716,405
ia_39,IOWA,0.3122980685176,0.119992870280512,0.0870010235414534,0.51381780962129,0.426816786079836,977
ia_42,IOWA,0.31327612935077,-0.00168046759626073,0.0500883912787272,0.833824395992929,0.783736004714202,1697
ia_43,IOWA,0.262721645226403,-0.138560878777546,0.00586756077116513,0.595976529756915,0.59010896898575,1193
ia_44,IOWA,0.329267654733682,-0.0229982743646658,0.0350247736203656,0.380830343413634,0.345805569793268,5853
ia_45,IOWA,0.287247920124765,0.237201738847446,0.0600193610842207,0.598257502420136,0.538238141335915,1033
ia_48,IOWA,0.307761776982265,-0.198792716194552,0.0371212121212121,0.49469696969697,0.457575757575758,2640
ia_49,IOWA,0.303472714649502,-0.0065146034120327,0.0206681766704417,0.342015855039638,0.321347678369196,3532
ia_50,IOWA,0.383269423666393,0.106306536751901,0.0410958904109589,0.827788649706458,0.786692759295499,3066
ia_51,IOWA,0.218460685307738,-0.121899060104189,0.0684852002321532,0.423099245502031,0.354614045269878,1723
ia_52,IOWA,0.13907303613277,-0.00395638180185555,0.013296011196641,0.37368789363191,0.360391882435269,1429
ia_53,IOWA,0.264039579874843,-0.216516236978502,0.0819482917820868,0.516620498614958,0.434672206832872,4332
ia_54,IOWA,0.322179840650239,-0.130785710565329,0.0357838364167478,0.423076923076923,0.387293086660175,4108
ia_56,IOWA,0.283023705011107,-0.104671637460398,0.0224559408754974,0.256964184195566,0.234508243320068,7036
ia_57,IOWA,0.176471362239558,-0.0273234878166782,0.0814814814814815,0.462037037037037,0.380555555555556,3240
ia_58,IOWA,0.353603642269679,0.132663086503681,0.0359928014397121,0.402819436112777,0.366826634673065,3334
ia_60,IOWA,0.372890718274419,0.168569300695101,0.0214318285453716,0.598267213862289,0.576835385316918,2193
ia_61,IOWA,0.393325133128301,-0.0155658832924133,0.0271857329273597,0.493040452370596,0.465854719443236,4598
ia_62,IOWA,0.364827299955696,0.25270109119766,0.00474965367108648,0.391450623392044,0.386700969720958,5053
ia_64,IOWA,0.227505530568925,0.0137530150581732,0.0127688172043011,0.459005376344086,0.446236559139785,1488
ia_65,IOWA,0.26343383025873,0.0313112607699843,0.223350253807107,0.882402707275804,0.659052453468697,1182
ia_67,IOWA,0.344367700405839,0.275502961452162,0.0244293151782139,0.478974769723669,0.454545454545455,2497
ia_68,IOWA,0.225831351442614,0.0339473640604902,0,0.75682382133995,0.75682382133995,403
ia_69,IOWA,0.478661997099747,0.0614365104098791,0.0280636108512629,0.847988774555659,0.819925163704397,2138
ia_71,IOWA,0.290066497677422,-0.162866289215195,0.0317022742935906,0.530668504479669,0.498966230186079,1451
ia_75,IOWA,0.193760965663103,-0.050740988640675,0.0176630434782609,0.825634057971015,0.807971014492754,2208
ia_76,IOWA,0.276247268598701,-0.18834509090399,0.00429447852760736,0.522699386503068,0.51840490797546,1630
ia_77,IOWA,0.426894481624041,-0.277019212405018,0.0329605650382578,0.86992348440259,0.836962919364332,1699
ia_78,IOWA,0.39907073687514,0.0160514284355216,0.0082063305978898,0.528722157092614,0.520515826494725,853
ia_80,IOWA,0.317840774830239,-0.114594792412951,0.0431962462048026,0.396080596191002,0.352884349986199,7246
ia_81,IOWA,0.162069129528139,-0.124265496861271,0.016260162601626,0.475609756097561,0.459349593495935,246
ia_83,IOWA,0.363347104156176,0.0626243628216054,0.0111206159110351,0.79213002566296,0.781009409751925,1169
ia_85,IOWA,0.296276074684774,-0.139939427212714,0.00455788514129444,0.567000911577028,0.562443026435734,1097
ia_86,IOWA,0.236790611800675,0.312603907386572,0.0134003350083752,0.708542713567839,0.695142378559464,597
ia_87,IOWA,0.286508104838709,0.0182740615458288,0.0201757240481614,0.28246013667426,0.262284412626098,3073
ia_88,IOWA,0.517412866442392,-0.0357494647781555,0.0181151112130245,0.41962852556753,0.401513414354506,4361
ia_89,IOWA,0.373778486860285,0.0368808225108241,0.0154199475065617,0.544291338582677,0.528871391076116,3048
ia_90,IOWA,0.289514166668897,-0.144422455817841,0.073225516621743,0.469901168014376,0.396675651392633,4452
ia_92,IOWA,0.428278096161174,-0.342443133567775,0.0788485607008761,0.863579474342929,0.784730913642053,799
ia_94,IOWA,0.253358969088147,0.00202661401740443,0.0827925710449765,0.492727679570374,0.409935108525397,4469
ia_97,IOWA,0.273718012205758,-0.39399643557028,0.05,0.95,0.9,200
ia_98,IOWA,0.0652017952026406,0.221492049089617,0.00689655172413793,0.710344827586207,0.703448275862069,145
ia_99,IOWA,0.425751494473594,0.0834908161948541,0.0511945392491468,0.491467576791809,0.440273037542662,293
ia_100,IOWA,0.0629001303551433,0.377346290049722,0.0112359550561798,0.775280898876405,0.764044943820225,178
ia_101,IOWA,0.113529501576495,0.228948677560936,0.20863309352518,0.532374100719425,0.323741007194245,139
ia_102,IOWA,0.22471223671176,0.0968949882844028,0.0165289256198347,0.247933884297521,0.231404958677686,242
ia_103,IOWA,0.28952573154848,0.0738180093251513,0.284431137724551,0.796407185628743,0.511976047904192,334
ia_104,IOWA,0.155777222261994,-0.373833389627159,0.0119047619047619,0.380952380952381,0.369047619047619,84
ia_105,IOWA,0.404747391371675,-0.216399928642325,0.194267515923567,0.496815286624204,0.302547770700637,314
ia_106,IOWA,0.06111866480827,0.118012458057409,0.0171673819742489,0.309012875536481,0.291845493562232,233
ia_107,IOWA,0.230702948524858,-0.225573234192851,0.0246913580246914,0.37037037037037,0.345679012345679,405
ia_108,IOWA,0.177390625784495,0.0884583047357473,0.034965034965035,0.247086247086247,0.212121212121212,429
ia_109,IOWA,0.090463635990327,-0.298640735421647,0.0980392156862745,0.382352941176471,0.284313725490196,204
ia_110,IOWA,0.0986115717944324,0.0177558999748304,0.283783783783784,0.331081081081081,0.0472972972972973,148
ia_111,IOWA,0.149171503846672,0.226069344073316,0.0369088811995386,0.250288350634371,0.213379469434833,867
ia_112,IOWA,0.135018152926396,-0.0353024484019562,0.0588235294117647,0.65158371040724,0.592760180995475,221
ia_113,IOWA,0.393236123958837,-0.162144898866289,0,0.0681564245810056,0.0681564245810056,895
ia_115,IOWA,0.218153408164287,-0.309080812607415,0.00392156862745098,0.223529411764706,0.219607843137255,255
ia_116,IOWA,0.127468503026192,-0.158010080381,0.0056980056980057,0.66951566951567,0.663817663817664,351
ia_117,IOWA,0.0748470718502292,0.025044441820796,0.0138888888888889,0.12037037037037,0.106481481481481,216
ia_118,IOWA,0.300261083227362,0.0509381395411875,0.0114942528735632,0.532567049808429,0.521072796934866,261
ia_119,IOWA,0.17106650289349,0.0544080973652999,0,0.364,0.364,250
ia_120,IOWA,0.149282163174782,0.239291490299812,0,0.488095238095238,0.488095238095238,252
ia_121,IOWA,0.459788233038691,0.143819124700226,0.043956043956044,0.450549450549451,0.406593406593407,910
ia_122,IOWA,0.14438149462759,-0.0654361538272437,0.0728744939271255,0.283400809716599,0.210526315789474,247
ia_123,IOWA,0.107611379102754,0.0152587771339307,0.0114155251141553,0.26027397260274,0.248858447488585,438
ia_124,IOWA,0.261514778277662,-0.120953257376818,0.0105820105820106,0.306878306878307,0.296296296296296,189
ia_125,IOWA,0.152954908592361,-0.114377614067521,0.0804597701149425,0.567049808429119,0.486590038314176,261
ia_126,IOWA,0.0926772623601862,-0.0822874030373956,0.0458715596330275,0.541284403669725,0.495412844036697,109
ia_127,IOWA,0.184681108998419,-0.189146987313844,0.0228310502283105,0.529680365296804,0.506849315068493,219
ia_128,IOWA,0.0569254987283823,-0.0683603000662281,0.0153846153846154,0.596153846153846,0.580769230769231,260
ia_129,IOWA,0.0380682423678434,-0.113822193549926,0,0.0476190476190476,0.0476190476190476,189
ia_130,IOWA,0.141100357218435,-0.0491689882886388,0.0674846625766871,0.631901840490798,0.564417177914111,163
ia_131,IOWA,0.283363415640908,-0.0746492771398066,0.004739336492891,0.296208530805687,0.291469194312796,422
ia_133,IOWA,0.519452368064972,0.241338795951289,0.0914285714285714,0.34,0.248571428571429,350
ia_134,IOWA,0.156031702894798,-0.0588981017961102,0.228571428571429,0.435714285714286,0.207142857142857,280
ia_135,IOWA,0.098952110727171,0.138680947286746,0.0113636363636364,0.420454545454546,0.409090909090909,176
ia_136,IOWA,0.193950207837476,0.105840667802553,0.00651465798045603,0.713355048859935,0.706840390879479,307
ia_137,IOWA,0.248544122153745,0.0636674559195274,0.00497512437810945,0.472636815920398,0.467661691542289,201
ia_138,IOWA,0.35675939027052,0.0717642948549643,0.0131233595800525,0.417322834645669,0.404199475065617,381
ia_139,IOWA,0.275218604438234,0.0344473818815457,0.0391061452513967,0.363128491620112,0.324022346368715,179
ia_140,IOWA,0.115420458426719,-0.082401984421945,0.0136986301369863,0.39041095890411,0.376712328767123,146
ia_141,IOWA,0.11369469095809,-0.0606974440377372,0.00797872340425532,0.175531914893617,0.167553191489362,376
ia_142,IOWA,0.0824251245401927,-0.0838683307255035,0.0219512195121951,0.241463414634146,0.219512195121951,410
ia_143,IOWA,0.31454024302528,-0.0370803053071834,0.00206185567010309,0.31340206185567,0.311340206185567,485
ia_144,IOWA,0.223140030334572,-0.00786229184513369,0.0201612903225806,0.411290322580645,0.391129032258065,248
ia_145,IOWA,0.0763299478203315,-0.0176117477707706,0,0.102564102564103,0.102564102564103,39
ia_146,IOWA,0.148724296048743,-0.00537117121378917,0.00568181818181818,0.392045454545455,0.386363636363636,352
ia_147,IOWA,0.0797524895278726,-0.0542072014411376,0.032258064516129,0.228494623655914,0.196236559139785,372
ia_148,IOWA,0.126149211073129,-0.0467088183192319,0.0460829493087558,0.995391705069124,0.949308755760369,217
ia_149,IOWA,0.175228328216564,-0.0684904182978807,0.156015037593985,0.133458646616541,-0.0225563909774436,532
ia_150,IOWA,0.419798949019952,0.255907002909986,0.00301204819277108,0.198795180722892,0.19578313253012,332
ia_151,IOWA,0.180460640566672,0.0895655191419199,0.00280898876404494,0.103932584269663,0.101123595505618,356
ia_152,IOWA,0.237991922298381,0.043348082794928,0,0.0250783699059561,0.0250783699059561,319
ia_153,IOWA,0.153869406080483,-0.021861049576371,0,0.395522388059701,0.395522388059701,268
ia_154,IOWA,0.174822546606277,0.0589012889931416,0,0.0406320541760722,0.0406320541760722,443
ia_155,IOWA,0.137030226968522,-0.0669886028215591,0,0.0207715133531157,0.0207715133531157,337
ia_156,IOWA,0.14141910170084,-0.0199913274818885,0,0.205223880597015,0.205223880597015,268
ia_157,IOWA,0.229619970520537,0.0449738867815608,0,0.575301204819277,0.575301204819277,332
ia_158,IOWA,0.366592491055221,-0.0973153352964032,0.00884955752212389,0.212389380530973,0.20353982300885,339
ia_159,IOWA,0.212257836762432,0.145091883567335,0.0024330900243309,0.0389294403892944,0.0364963503649635,411
ia_160,IOWA,0.173006787110058,-0.0631853783416702,0.00337837837837838,0.25,0.246621621621622,296
ia_161,IOWA,0.143422556989228,-0.0348665633830816,0,0.540372670807454,0.540372670807454,322
ia_162,IOWA,0.475593003322852,-0.0379173874355249,0.025,0.24,0.215,600
ia_163,IOWA,0.128857977359945,0.05343792582357,0.008,0.298666666666667,0.290666666666667,375
ia_164,IOWA,0.126888383134621,0.376813885560235,0.0176991150442478,0.156342182890855,0.138643067846608,339
ia_165,IOWA,0.18560862021961,-0.051720505649865,0,0.117647058823529,0.117647058823529,238
ia_166,IOWA,0.0818998446231664,0.220759095036557,0.0216606498194946,0.0433212996389892,0.0216606498194946,277
ia_167,IOWA,0.0656303006104152,-0.24050497408293,0,0.318885448916409,0.318885448916409,323
ia_168,IOWA,0.294905702314913,0.568855382970646,0.0147058823529412,0.627450980392157,0.612745098039216,204
ia_169,IOWA,0.0567701611802689,-0.140012806518455,0.155339805825243,0.271844660194175,0.116504854368932,206
ia_170,IOWA,0.0661443136777922,-0.27750390704414,0.0106761565836299,0.309608540925267,0.298932384341637,281
ia_171,IOWA,0.0664587143730935,-0.0313064650838657,0.0339805825242718,0.271844660194175,0.237864077669903,412
ia_172,IOWA,0.437905979785554,-0.236246022860762,0.0977198697068404,0.355048859934853,0.257328990228013,307
ia_173,IOWA,0.264811642862521,-0.154376724463518,0,0.537634408602151,0.537634408602151,372
ia_174,IOWA,0.0986978133723898,-0.0243903066871929,0.266832917705736,0.329177057356608,0.0623441396508728,401
ia_175,IOWA,0.467221591083252,0.027873333073852,0.027027027027027,0.333333333333333,0.306306306306306,333
ia_176,IOWA,0.273350305174371,-0.313820784629618,0.0356083086053412,0.225519287833828,0.189910979228487,337
ia_177,IOWA,0.182682527828911,-0.498313872307495,0.0120481927710843,0.246987951807229,0.234939759036145,332
ia_178,IOWA,0.312309828787024,0.0388726030537357,0.0196078431372549,0.196078431372549,0.176470588235294,306
ia_179,IOWA,0.064221641106359,0.249652919093977,0.05859375,0.1953125,0.13671875,256
ia_182,IOWA,0.223185222504594,0.286027066172273,0,0.0938967136150235,0.0938967136150235,213
ia_183,IOWA,0.0609570278694138,-0.0246748730720417,0.0110497237569061,0.342541436464088,0.331491712707182,181
ia_184,IOWA,0.164979529447945,0.145231991717738,0.0548780487804878,0.353658536585366,0.298780487804878,164
ia_185,IOWA,0.0984155106375328,-0.00966325769253311,0.0343137254901961,0.568627450980392,0.534313725490196,204
ia_186,IOWA,0.0971854585832441,0.0677120967290099,0.0635593220338983,0.26271186440678,0.199152542372881,236
ia_187,IOWA,0.0588322606952772,-0.0163204544541269,0,0.796052631578947,0.796052631578947,152
ia_188,IOWA,0.22500570736741,-0.121711091992598,0,0.206896551724138,0.206896551724138,319
ia_189,IOWA,0.144872505226271,-0.247457951355452,0.0124378109452736,0.325870646766169,0.313432835820896,402
ia_190,IOWA,0.322618189397374,0.0449124856297493,0.341463414634146,0.163763066202091,-0.177700348432056,287
ia_191,IOWA,0.0550795566704678,-0.124936794157445,0.0176817288801572,0.0962671905697446,0.0785854616895874,509
ia_192,IOWA,0.0437937975596054,0.180862824046167,0.00413223140495868,0.355371900826446,0.351239669421488,242
ia_193,IOWA,0.042211811428597,-0.0840524675690201,0.0502958579881657,0.239644970414201,0.189349112426036,338
ia_194,IOWA,0.14459898415309,0.0774981935354764,0.0030441400304414,0.363774733637747,0.360730593607306,657
ia_195,IOWA,0.380349039085954,-0.299440317933695,0.234527687296417,0.130293159609121,-0.104234527687296,307
ia_198,IOWA,0.334415894319951,-0.0095467140581405,0.147612156295224,0.230101302460203,0.0824891461649783,691
ia_199,IOWA,0.318904808371949,0.0842022182462173,0.0742857142857143,0.391428571428571,0.317142857142857,350
ia_200,IOWA,0.326373656579566,-0.106424788390919,0.079295154185022,0.352422907488987,0.273127753303965,227
ia_201,IOWA,0.071487811483492,-0.0376412475004735,0.17910447761194,0.427860696517413,0.248756218905473,201
ia_203,IOWA,0.363167073299158,0.0753688483883705,0.145118733509235,0.0923482849604222,-0.0527704485488127,758
ia_204,IOWA,0.324186934217428,0.0243887661398118,0.0476190476190476,0.469387755102041,0.421768707482993,147
ia_205,IOWA,0.359709244066968,0.0398372351400186,0.000986679822397632,0.0394671928959053,0.0384805130735076,2027
ia_206,IOWA,0.369764455678592,0.0750085705202033,0.0649350649350649,0.512987012987013,0.448051948051948,154
ia_207,IOWA,0.304627688171598,0.0846631498414146,0.0183823529411765,0.341911764705882,0.323529411764706,272
ia_208,IOWA,0.204690446631889,0.0156924807605225,0.00684931506849315,0.945205479452055,0.938356164383562,146
ia_209,IOWA,0.170590232774673,-0.202022233557359,0,0.112359550561798,0.112359550561798,356
ia_211,IOWA,0.334231310397099,-0.132088277013059,0,0.493243243243243,0.493243243243243,148
ia_213,IOWA,0.536470795012021,-0.116507009660244,0.04,0.354666666666667,0.314666666666667,375
ia_214,IOWA,0.300698647005353,-0.0887778980825111,0.00858369098712446,0.244635193133047,0.236051502145923,233
ia_217,IOWA,0.191968472922676,-0.172092813047724,0.0310765815760266,0.0355160932297447,0.00443951165371809,901
ia_218,IOWA,0.253530331626526,-0.13797599697998,0.00773694390715667,0.191489361702128,0.183752417794971,517
ia_219,IOWA,0.149500520804354,-0.0285573880765912,0.0025706940874036,0.244215938303342,0.241645244215938,389
ia_220,IOWA,0.0932362398914637,-0.00319573587504507,0.00170357751277683,0.361158432708688,0.359454855195911,587
ia_221,IOWA,0.414093763777283,0.0863101309481659,0.00692520775623269,0.339335180055402,0.332409972299169,722
ia_222,IOWA,0.160026105636225,0.00931063622264319,0.0181518151815182,0.232673267326733,0.214521452145215,606
ia_223,IOWA,0.216185970850848,0.0925610305753445,0.036745406824147,0.328083989501312,0.291338582677165,381
wi_1,WISCONSIN,0.45334902015064,0.147221333032678,0.224852071005917,0.331360946745562,0.106508875739645,169
wi_2,WISCONSIN,0.228801169590643,0.0427167686494282,0.134615384615385,0.201923076923077,0.0673076923076923,104
wi_3,WISCONSIN,0.100840152201147,0.0157818184639263,0.305084745762712,0.457627118644068,0.152542372881356,118
wi_4,WISCONSIN,0.298732943469786,-0.0703358651865738,0.223214285714286,0.178571428571429,-0.0446428571428572,112
wi_5,WISCONSIN,0.331575667632449,0.0289627663574504,0.198895027624309,0.348066298342541,0.149171270718232,181
wi_6,WISCONSIN,0.165519734967867,0.41353707304746,0.0789473684210526,0.355263157894737,0.276315789473684,76
wi_7,WISCONSIN,0.290688502926415,0.128223153519378,0.205128205128205,0.230769230769231,0.0256410256410257,78
wi_8,WISCONSIN,0.187064595570973,0.0945902898995319,0.0558659217877095,0.240223463687151,0.184357541899441,179
wi_9,WISCONSIN,0.901663141304798,0.280233774790719,0.404255319148936,0.361702127659575,-0.0425531914893617,47
wi_10,WISCONSIN,0.460323792786607,0.10940926291874,0.0478087649402391,0.151394422310757,0.103585657370518,753
wi_11,WISCONSIN,0.0773291130990361,0.188466129625484,0,0.0241935483870968,0.0241935483870968,124
wi_12,WISCONSIN,0.118603607559193,-0.168362013099936,0,0.155405405405405,0.155405405405405,148
wi_14,WISCONSIN,0.401610906621434,-0.0685333606480467,0.0194971780400205,0.123653155464341,0.10415597742432,1949
wi_15,WISCONSIN,0.284605536758154,-0.0179097808659424,0.0175953079178886,0.0791788856304985,0.06158357771261,341
wi_16,WISCONSIN,0.132479038460862,-0.143954244643123,0,0.0289855072463768,0.0289855072463768,69
wi_17,WISCONSIN,0.061366342590113,0.216867234827998,0,0,0,177
wi_18,WISCONSIN,0.217002130541621,0.0686454835277015,0,0,0,107
wi_19,WISCONSIN,0.273944161204176,-0.013771503169017,0.008,0.136,0.128,125
wi_20,WISCONSIN,0.296799447884758,-0.0709032349995613,0.526315789473684,0,-0.526315789473684,38
wi_21,WISCONSIN,0.0249421900079388,-0.442686646617599,0.0260869565217391,0.130434782608696,0.104347826086957,115
wi_22,WISCONSIN,0.475293232441729,-0.0841724531454669,0.0687022900763359,0.198473282442748,0.129770992366412,131
wi_23,WISCONSIN,0.15812240522342,-0.133589152711507,0.0207612456747405,0.173010380622837,0.152249134948097,289
wi_24,WISCONSIN,0.561030098835381,0.0189407146988579,0.0991136180499597,0.359387590652699,0.26027397260274,1241
wi_25,WISCONSIN,0.016576073409551,0.00535186601901037,0.0112994350282486,0.141242937853107,0.129943502824859,177
wi_26,WISCONSIN,0.654770330032803,0.0301676008767612,0.0177935943060498,0.348754448398577,0.330960854092527,562
wi_27,WISCONSIN,0.269578690770272,0.0260456109239895,0.177083333333333,0.28125,0.104166666666667,96
wi_28,WISCONSIN,0.461728119867046,-0.00962411893426771,0.365384615384615,0.326923076923077,-0.0384615384615384,260
wi_29,WISCONSIN,0.34316155539889,0.15217845738249,0.271698113207547,0.275471698113208,0.00377358490566038,265
wi_30,WISCONSIN,0.459127600212381,0.0779781432579294,0.249266862170088,0.219941348973607,-0.0293255131964809,341
wi_31,WISCONSIN,0.0458952988096366,-0.145023808453217,0.052863436123348,0.158590308370044,0.105726872246696,227
wi_32,WISCONSIN,0.260454626488083,0.0880256164880349,0.12037037037037,0.145061728395062,0.0246913580246914,324
wi_33,WISCONSIN,0.315954566007177,0.166407330747601,0.0396039603960396,0.0594059405940594,0.0198019801980198,101
wi_34,WISCONSIN,0.397888602580626,0.173788207343467,0.453216374269006,0.339181286549708,-0.114035087719298,342
wi_35,WISCONSIN,0.069609524266382,-0.196277014169122,0.0579710144927536,0.0434782608695652,-0.0144927536231884,138
wi_36,WISCONSIN,0.372081145162721,0.336287788132177,0.030902348578492,0.212608158220025,0.181705809641533,809
wi_37,WISCONSIN,0.365855424452717,0.217384313380046,0.123188405797101,0.166666666666667,0.0434782608695652,276
wi_38,WISCONSIN,0.218710622645608,0.230078620868445,0.244186046511628,0.224806201550388,-0.0193798449612403,258
wi_39,WISCONSIN,0.0458338120170315,0.311217320942833,0.173076923076923,0.138461538461538,-0.0346153846153846,260
wi_40,WISCONSIN,0.458265083260141,0.244834185757148,0.321875,0.4046875,0.0828125,640
wi_41,WISCONSIN,0.125275065780089,-0.00194998868468159,0.197994987468672,0.265664160401002,0.0676691729323308,399
wi_42,WISCONSIN,0.279027003214239,0.248250189470638,0.175066312997348,0.177718832891247,0.0026525198938992,377
wi_43,WISCONSIN,0.2364741135261,-0.0487960283948948,0.195348837209302,0.106976744186047,-0.0883720930232558,215
wi_44,WISCONSIN,0.426759498451196,-0.110633389605615,0.248466257668712,0.322085889570552,0.0736196319018405,326
wi_45,WISCONSIN,0.170240276653469,0.167178601094808,0.0961538461538462,0.201923076923077,0.105769230769231,312
wi_46,WISCONSIN,0.196374622356495,0.113473596035001,0.217522658610272,0.13595166163142,-0.081570996978852,331
wi_47,WISCONSIN,0.17363470156823,-0.167206666540827,0.197986577181208,0.161073825503356,-0.0369127516778524,298
wi_48,WISCONSIN,0.501977181316837,0.637879944416059,0.158150851581509,0.289537712895377,0.131386861313869,411
wi_49,WISCONSIN,0.198042217347482,0.284470071112241,0.115942028985507,0.134057971014493,0.0181159420289855,276
wi_50,WISCONSIN,0.320441913964578,0.00184855214677376,0.242647058823529,0.158088235294118,-0.0845588235294118,272
wi_51,WISCONSIN,0.19203886825072,-0.135372287544329,0.120567375886525,0.308510638297872,0.187943262411348,282
wi_52,WISCONSIN,0.263320894478226,0.163492443217318,0.229032258064516,0.280645161290323,0.0516129032258064,310
wi_53,WISCONSIN,0.166057068151295,0.061611343313131,0.233552631578947,0.174342105263158,-0.0592105263157895,912
wi_54,WISCONSIN,0.134196117141377,-0.168227391324911,0.183783783783784,0.186486486486487,0.0027027027027027,370
wi_55,WISCONSIN,0.0671513357089826,0.110855022546384,0.141818181818182,0.196363636363636,0.0545454545454545,275
wi_56,WISCONSIN,0.177217121931825,0.164071411973877,0.187725631768953,0.234657039711191,0.0469314079422383,277
wi_57,WISCONSIN,0.460346337336475,0.57373573643125,0.109004739336493,0.260663507109005,0.151658767772512,211
wi_58,WISCONSIN,0.0529941063648666,-0.0526610025083167,0.328840970350404,0.226415094339623,-0.102425876010782,371
wi_60,WISCONSIN,0.371582060619895,-0.149936058546407,0,0.11214953271028,0.11214953271028,214
wi_61,WISCONSIN,0.260724488398436,-0.0511156729250051,0.00442477876106195,0.0884955752212389,0.084070796460177,226
wi_62,WISCONSIN,0.779045447273367,0.0449734752094347,0.103311258278146,0.140397350993378,0.0370860927152318,755
wi_63,WISCONSIN,0.102257328419474,-0.12360987283197,0,0.0480769230769231,0.0480769230769231,104
wi_64,WISCONSIN,0.51909020889666,-0.0742385515477417,0.0685446009389671,0.0938967136150235,0.0253521126760563,1065
wi_65,WISCONSIN,0.250461580820314,0.0841665339128183,0.335051546391753,0.322164948453608,-0.0128865979381443,388
wi_66,WISCONSIN,0.513212193526633,-0.0327818717853792,0.0452261306532663,0.050251256281407,0.00502512562814071,199
wi_67,WISCONSIN,0.504791207747116,0.0514795754421184,0.395833333333333,0.385416666666667,-0.0104166666666666,192
wi_68,WISCONSIN,0.236719624616001,0.0881633233496167,0.00938967136150235,0.126760563380282,0.117370892018779,213
wi_69,WISCONSIN,0.430602413536913,-0.0148035659502954,0.00460829493087558,0.129032258064516,0.124423963133641,217
wi_70,WISCONSIN,0.13713323549385,0.101780520704413,0.0847457627118644,0.18361581920904,0.0988700564971751,354
wi_71,WISCONSIN,0.271284585708152,-0.0131631942648027,0.142857142857143,0.226190476190476,0.0833333333333333,336
wi_72,WISCONSIN,0.493114315026336,0.248800822058819,0.143518518518519,0.212962962962963,0.0694444444444445,432
wi_73,WISCONSIN,0.285998876162942,-0.0214376367567851,0.136125654450262,0.151832460732984,0.0157068062827225,382
wi_74,WISCONSIN,0.359259880999012,-0.011199696715381,0,0.036036036036036,0.036036036036036,333
wi_75,WISCONSIN,0.0786984044641585,0.457100539395876,0.0510204081632653,0.248299319727891,0.197278911564626,294
wi_76,WISCONSIN,0.00594845578799508,-0.691908221499198,0.0503875968992248,0.124031007751938,0.0736434108527132,258
wi_77,WISCONSIN,0.390637355065879,-0.316644736446566,0.185383244206774,0.167557932263815,-0.017825311942959,561
wi_78,WISCONSIN,0.110199209390692,-0.20764091486611,0.0369127516778524,0.197986577181208,0.161073825503356,298
wi_79,WISCONSIN,0.281747244541707,0.00767793232956503,0.0271739130434783,0.119565217391304,0.0923913043478261,368
wi_80,WISCONSIN,0.682451262018851,-0.0545640461215617,0.166511627906977,0.305581395348837,0.13906976744186,2150
wi_81,WISCONSIN,0.330358443284469,0.00715778108207674,0.156351791530945,0.332247557003257,0.175895765472313,307
wi_82,WISCONSIN,0.37511510113751,0.00623241146682187,0.00487804878048781,0.180487804878049,0.175609756097561,410
wi_83,WISCONSIN,0.338981694923288,-0.0114755699659897,0.13166144200627,0.238244514106583,0.106583072100313,319
wi_84,WISCONSIN,0.336477369318217,-0.109864296391429,0.0968586387434555,0.267015706806283,0.170157068062827,382
wi_85,WISCONSIN,0.364424458038332,0.154064245414668,0,0.0338164251207729,0.0338164251207729,207
wi_86,WISCONSIN,0.180282034836619,0.041054004452028,0.096875,0.125,0.028125,320
wi_87,WISCONSIN,0.35806912164986,0.0788172035933093,0.00432900432900433,0.225108225108225,0.220779220779221,231
wi_88,WISCONSIN,0.237796800904702,0.058630228154497,0.0160427807486631,0.053475935828877,0.0374331550802139,374
wi_89,WISCONSIN,0.335327885526596,-0.37238731241499,0.223097112860892,0.26509186351706,0.041994750656168,381
wi_90,WISCONSIN,0.0922727956511972,0.0484236144794245,0.00392156862745098,0.101960784313725,0.0980392156862745,255
wi_91,WISCONSIN,0.0120251807012192,0.0271458482233896,0,0.0785907859078591,0.0785907859078591,369
wi_92,WISCONSIN,0.454563156473413,-0.00411235197168153,0.178947368421053,0.421052631578947,0.242105263157895,380
wi_93,WISCONSIN,0.139519055495544,-0.254399965458689,0,0.109375,0.109375,256
wi_94,WISCONSIN,0.297866519557864,-0.0788225299141301,0.03601108033241,0.113573407202216,0.0775623268698061,361
wi_95,WISCONSIN,0.249600256146442,0.149140905959409,0.0404858299595142,0.198380566801619,0.157894736842105,247
wi_96,WISCONSIN,0.112806235251294,0.0566263878006613,0.00664451827242525,0.0697674418604651,0.0631229235880399,301
wi_97,WISCONSIN,0.332949146499576,0.0563612251348515,0.118380062305296,0.177570093457944,0.059190031152648,321
wi_98,WISCONSIN,0.108230500836607,0.112354033355946,0.259146341463415,0.283536585365854,0.024390243902439,328
wi_99,WISCONSIN,0.155201917303524,-0.132385181317139,0.0876404494382022,0.051685393258427,-0.0359550561797753,445
wi_100,WISCONSIN,0.109060754845398,0.090508863541071,0.242057488653555,0.296520423600605,0.0544629349470499,661
wi_101,WISCONSIN,0.0414732322406961,0.0385970880171814,0.0229357798165138,0.0252293577981651,0.00229357798165138,436
wi_102,WISCONSIN,0.0792992513148903,0.057583624484448,0.172506738544474,0.210242587601078,0.0377358490566038,371
wi_103,WISCONSIN,0.021751916407434,0.0691561319448405,0,0.00359712230215827,0.00359712230215827,278
wi_104,WISCONSIN,0.332273727475411,0.0877185891332167,0.0591054313099042,0.246006389776358,0.186900958466454,626
wi_105,WISCONSIN,0.546546798857336,-0.213888294565383,0,0.151515151515152,0.151515151515152,33
wi_106,WISCONSIN,0.587726432532348,-0.186201766775812,0.306666666666667,0.893333333333333,0.586666666666667,75
wi_107,WISCONSIN,0.225462293530823,-0.14799271870123,0,0.205128205128205,0.205128205128205,741
wi_108,WISCONSIN,0.491613361136024,0.354747646526166,0.031968031968032,0.224775224775225,0.192807192807193,2002
wi_109,WISCONSIN,0.825601943046981,0.371641634484778,0.121794871794872,0.519230769230769,0.397435897435897,156
wi_110,WISCONSIN,0.401287347010949,0.0769668449013669,0.074468085106383,0.191489361702128,0.117021276595745,94
wi_111,WISCONSIN,0.351958658981721,0.128516479145324,0.0179775280898876,0.29438202247191,0.276404494382023,445
wi_112,WISCONSIN,0.318884991175891,0.16151442660036,0.00265957446808511,0.234042553191489,0.231382978723404,376
wi_113,WISCONSIN,0.315458896813291,0.0728432828214853,0,0.0594594594594595,0.0594594594594595,185
wi_114,WISCONSIN,0.183574879227053,0.171275478237471,0.169082125603865,0.106280193236715,-0.0628019323671498,414
wi_115,WISCONSIN,0.179702924379547,0.00934615848471948,0.0215982721382289,0.041036717062635,0.019438444924406,463
wi_116,WISCONSIN,0.2765278445834,-0.0624554137031754,0.2,0.297619047619048,0.0976190476190476,420
wi_117,WISCONSIN,0.030064242512004,-0.086728565608684,0.00539083557951483,0.0296495956873315,0.0242587601078167,371
wi_118,WISCONSIN,0.234285714285714,-0.108981122676361,0.14,0.105714285714286,-0.0342857142857143,350
wi_119,WISCONSIN,0.288888888888889,-0.0070530396228676,0.0944444444444444,0.0638888888888889,-0.0305555555555556,360
wi_120,WISCONSIN,0.178832116788321,-0.00843774007329523,0.208029197080292,0.215328467153285,0.00729927007299269,274
wi_121,WISCONSIN,0.636070853462158,0.0697419875532809,0.226516371443908,0.387546967257112,0.161030595813205,1863
wi_122,WISCONSIN,0.185234896666758,-0.110169596662666,0.0714285714285714,0.177142857142857,0.105714285714286,350
wi_123,WISCONSIN,0.0892403094121813,0.196071424901934,0.0301204819277108,0.13855421686747,0.108433734939759,166
wi_124,WISCONSIN,0.294765840220386,-0.0561960845091419,0.168044077134986,0.338842975206612,0.170798898071625,363
wi_125,WISCONSIN,0.0447134933099508,-0.114652644582282,0.0027027027027027,0,-0.0027027027027027,370
wi_126,WISCONSIN,0.227777777777778,0.252183814946153,0.268518518518519,0.274074074074074,0.00555555555555554,540
wi_127,WISCONSIN,0.304582210242588,-0.0417747108103986,0.366576819407008,0.307277628032345,-0.0592991913746631,371
wi_128,WISCONSIN,0.164262668438034,-0.0151442893327414,0.103305785123967,0.243801652892562,0.140495867768595,242
wi_129,WISCONSIN,0.431211498973306,0.0813633374725954,0.298767967145791,0.345995893223819,0.0472279260780287,974
wi_130,WISCONSIN,0.239554317548747,-0.040271052635756,0.267409470752089,0.33983286908078,0.0724233983286908,359
wi_131,WISCONSIN,0.180655102579907,0.239876966554012,0.239024390243902,0.285365853658537,0.0463414634146341,410
wi_132,WISCONSIN,0.326194326675117,0.214370923512363,0.167883211678832,0.102189781021898,-0.0656934306569343,411
wi_134,WISCONSIN,0.265376750039327,-0.004433804954716,0.0512820512820513,0,-0.0512820512820513,312
wi_135,WISCONSIN,0.413535298290885,-0.0228282838615085,0.0191846522781775,0.146282973621103,0.127098321342926,417
wi_136,WISCONSIN,0.39875284858855,0.13009373347527,0.0185873605947955,0.200743494423792,0.182156133828996,269
wi_137,WISCONSIN,0.47319742962304,-0.152932219015023,0.0901856763925729,0.257294429708223,0.16710875331565,377
wi_138,WISCONSIN,0.147024283001058,0.0337385455514261,0.0273037542662116,0.184300341296928,0.156996587030717,293
wi_139,WISCONSIN,0.155882812512922,-0.0749953525282409,0.0573170731707317,0.110975609756098,0.0536585365853659,820
wi_140,WISCONSIN,0.157708173694508,-0.0191480624132062,0.0434782608695652,0.269565217391304,0.226086956521739,230
wi_141,WISCONSIN,0.287526422005502,-0.165878982987633,0.0674157303370787,0.264044943820225,0.196629213483146,178
wi_142,WISCONSIN,0.0733074693391438,-0.332221470809518,0.0291970802919708,0.226277372262774,0.197080291970803,137
wi_143,WISCONSIN,0.303656474920176,0.342633289129617,0.00250941028858218,0.101631116687578,0.0991217063989962,797
wi_144,WISCONSIN,0.342761485064302,0.0362024215090032,0.115577889447236,0.201005025125628,0.085427135678392,199
wi_145,WISCONSIN,0.500186453685421,-0.0347904452332117,0.0445941026574445,0.213323625773571,0.168729523116127,5494
wi_146,WISCONSIN,0.098761426045369,-0.0648342311572334,0.200607902735562,0.173252279635258,-0.027355623100304,329
wi_147,WISCONSIN,0.17735613989641,-0.0131969120335263,0,0.107416879795396,0.107416879795396,391
wi_148,WISCONSIN,0.200517038624649,0.0276115772702592,0.240990990990991,0.393018018018018,0.152027027027027,888
wi_149,WISCONSIN,0.376899915247196,-0.0174385454587652,0.175036927621861,0.193008370260955,0.017971442639094,4062
wi_150,WISCONSIN,0.27814468450016,-0.0211937077817762,0.124752475247525,0.300990099009901,0.176237623762376,1010
wi_151,WISCONSIN,0.160873263799207,0.192643825897212,0.466216216216216,0.364864864864865,-0.101351351351351,296
wi_152,WISCONSIN,0.30613297271583,0.0946963822993015,0.187094155844156,0.170657467532468,-0.0164366883116883,4928
wi_153,WISCONSIN,0.316622691292876,0.190230744862213,0.118733509234829,0.116094986807388,-0.00263852242744063,379
wi_154,WISCONSIN,0.552941176470588,-0.0145575084381872,0.0470588235294118,0.0117647058823529,-0.0352941176470588,170
wi_155,WISCONSIN,0.302645502645503,0.014200931321573,0.0846560846560847,0.164021164021164,0.0793650793650794,945
wi_156,WISCONSIN,0.28264020975413,-0.0292415511166809,0.00327868852459016,0,-0.00327868852459016,610
wi_157,WISCONSIN,0.284764388108358,-0.0971962768364254,0.188073394495413,0.149082568807339,-0.0389908256880734,436
wi_158,WISCONSIN,0.262599469496021,0.0540035260352171,0.0557029177718833,0.20159151193634,0.145888594164456,377
wi_159,WISCONSIN,0.146575640085504,-0.140348861600584,0.112,0.186,0.074,1000
wi_160,WISCONSIN,0.305389221556886,0.0692472196792565,0.032934131736527,0.119760479041916,0.0868263473053892,334
wi_161,WISCONSIN,0.143610154667478,0.0171151803891964,0.0311418685121107,0.207612456747405,0.176470588235294,289
wi_162,WISCONSIN,0.324427480916031,-0.0019340943880222,0.0400763358778626,0.103053435114504,0.0629770992366412,524
wi_163,WISCONSIN,0.144829742864574,-0.0724930985967481,0.0718562874251497,0.167664670658683,0.0958083832335329,167
wi_164,WISCONSIN,0.636887185926686,0.0902527416474462,0.242696629213483,0.17752808988764,-0.0651685393258427,445
wi_165,WISCONSIN,0.21187647073212,0.180692080167535,0.0471698113207547,0.127358490566038,0.080188679245283,212
wi_166,WISCONSIN,0.274471335309271,0.135962909747994,0.182572614107884,0.327800829875519,0.145228215767635,241
wi_167,WISCONSIN,0.156766847171519,0.0928946526404191,0.826086956521739,0.304347826086957,-0.521739130434783,23
wi_168,WISCONSIN,0.368331947768015,0.230130919046884,0.105263157894737,0.345864661654135,0.240601503759399,133
wi_169,WISCONSIN,0.428200382497074,0.0643571920706009,0.191489361702128,0.106382978723404,-0.0851063829787234,141
wi_170,WISCONSIN,0.115051853205257,0.0530620528017895,0.164835164835165,0.263736263736264,0.0989010989010989,91
wi_171,WISCONSIN,0.107965609691911,0.233372692501836,0.04,0.208,0.168,125
wi_173,WISCONSIN,0.35762493535693,0.111934321291634,0.432608695652174,0.369565217391304,-0.0630434782608696,460
wi_174,WISCONSIN,0.312599529266992,-0.00116795148138621,0.0130363932645301,0.0945138511678436,0.0814774579033134,1841
wi_175,WISCONSIN,0.295681420288859,0.0348488846906686,0.172962546214435,0.233885227455393,0.0609226812409581,6221
wi_176,WISCONSIN,0.540370156412886,0.0176412318529684,0.116542823621431,0.169730152522487,0.0531873289010559,2557
wi_177,WISCONSIN,0.240960872307635,-0.00419707256533469,0.086734693877551,0.119897959183673,0.0331632653061224,392
wi_178,WISCONSIN,0.231674297844216,-0.0177139242155986,0.187419768934531,0.254172015404365,0.0667522464698331,1558
wi_179,WISCONSIN,0.164190151118357,0.0449569524240921,0.179723502304147,0.188940092165899,0.00921658986175114,434
wi_180,WISCONSIN,0.361167616031581,0.0910946006535471,0.143157894736842,0.223157894736842,0.08,475
wi_181,WISCONSIN,0.228260190356002,-0.105966526225156,0.201960784313725,0.143137254901961,-0.0588235294117647,510
wi_182,WISCONSIN,0.183097536128321,0.00535487379820622,0.289293849658314,0.293849658314351,0.00455580865603644,439
wi_183,WISCONSIN,0.358700532838892,-0.0189091744431014,0.192488262910798,0.244131455399061,0.0516431924882629,426
wi_185,WISCONSIN,0.260736888395638,0.019003437851881,0.00117302052785924,0.0475073313782991,0.0463343108504399,1705
wi_186,WISCONSIN,0.317453310876091,-0.150925531781172,0.0145631067961165,0.179611650485437,0.16504854368932,206
wi_187,WISCONSIN,0.454387834851552,-0.0648570602977916,0.125506072874494,0.220512820512821,0.0950067476383266,3705
wi_188,WISCONSIN,0.489172158777571,0.112346981093437,0.142857142857143,0.344155844155844,0.201298701298701,308
wi_189,WISCONSIN,0.261849178898169,0.114283483278396,0,0.165957446808511,0.165957446808511,235
wi_190,WISCONSIN,0.336897850555888,0.00275610243555589,0.0267857142857143,0.075,0.0482142857142857,560
wi_191,WISCONSIN,0.184770299363313,-0.0372098882604491,0.0978260869565217,0.280797101449275,0.182971014492754,552
wi_192,WISCONSIN,0.191418405691682,-0.0466455939521591,0.0352941176470588,0.0941176470588235,0.0588235294117647,425
wi_193,WISCONSIN,0.34192302427144,0.0657325685557135,0.134545454545455,0.0945454545454546,-0.04,275
wi_194,WISCONSIN,0.299578790402193,0.0796266440536779,0.0433212996389892,0.310469314079422,0.267148014440433,277
wi_195,WISCONSIN,0.0611018248797927,0.216636822854027,0.0158227848101266,0.0474683544303798,0.0316455696202532,316
wi_196,WISCONSIN,0.039438930306249,0.0908998342963381,0.0223880597014925,0.216417910447761,0.194029850746269,134
wi_197,WISCONSIN,0.243797775094934,0.0345920327872876,0.0106382978723404,0.142553191489362,0.131914893617021,470
wi_198,WISCONSIN,0.303187289909564,0.194318115304577,0.0197568389057751,0.138297872340426,0.11854103343465,658
wi_199,WISCONSIN,0.291096194794864,0.0114094886117765,0.176165803108808,0.316062176165803,0.139896373056995,193
wi_200,WISCONSIN,0.178279956873487,0.11113977215473,0,0.132450331125828,0.132450331125828,151
wi_201,WISCONSIN,0.113339288851594,0.143472503267624,0.00409836065573771,0.131147540983607,0.127049180327869,244
wi_202,WISCONSIN,0.493883584457374,-0.0124710759513935,0.0334346504559271,0.243161094224924,0.209726443768997,329
wi_204,WISCONSIN,0.195511503405118,-0.220525535271058,0.154761904761905,0.0238095238095238,-0.130952380952381,84
wi_205,WISCONSIN,0.115648788583623,-0.0294945253092474,0.08125,0.225,0.14375,320
wi_206,WISCONSIN,0.195689942446494,-0.130001440379322,0,0.0900900900900901,0.0900900900900901,333
wi_207,WISCONSIN,0.0956740145279106,-0.0520247299543873,0.188940092165899,0.0645161290322581,-0.124423963133641,217
wi_208,WISCONSIN,0.122762284344552,-0.0748646128005831,0.13302752293578,0,-0.13302752293578,218
wi_209,WISCONSIN,0.251144195376365,0.0011956896042622,0.0530679933665008,0.0530679933665008,0,603
wi_210,WISCONSIN,0.218790814071611,-0.0458568826061002,0.0493421052631579,0.103070175438596,0.0537280701754386,912
wi_211,WISCONSIN,0.139606584987556,0.0510819355456075,0.202729044834308,0.254385964912281,0.0516569200779727,1026
wi_212,WISCONSIN,0.113177436045003,-0.119597445563071,0,0.0087463556851312,0.0087463556851312,343
wi_213,WISCONSIN,0.288575368170871,-0.0465048065280709,0.0404984423676012,0.102803738317757,0.0623052959501558,321
wi_214,WISCONSIN,0.131923638721577,-0.0615592143994924,0.082687338501292,0.142118863049096,0.0594315245478036,387
wi_215,WISCONSIN,0.339806512535437,-0.111064467216175,0.188405797101449,0.135265700483092,-0.0531400966183575,207
wi_216,WISCONSIN,0.309678998054876,0.00561767447109733,0.0648215586307356,0.15877640203933,0.0939548434085943,1373
wi_217,WISCONSIN,0.387132800657996,0.00918527223848462,0.0227272727272727,0.03125,0.00852272727272727,1056
wi_218,WISCONSIN,0.0388996688937622,0.112586097900204,0.0445632798573975,0.0267379679144385,-0.017825311942959,561
wi_219,WISCONSIN,0.13363447961082,0.0423811154036728,0.0705882352941176,0.0364705882352941,-0.0341176470588235,850
wi_220,WISCONSIN,0.0522659371169674,0.0731524831823149,0.0528350515463918,0.0721649484536082,0.0193298969072165,776
wi_221,WISCONSIN,0.40659785285599,-0.104108252197709,0.0993944764436568,0.128932210899424,0.0295377344557673,13542
wi_222,WISCONSIN,0.178350417241763,-0.120653147019003,0.132132132132132,0.127627627627628,-0.00450450450450449,666
wi_223,WISCONSIN,0.00102567931337303,-0.0327878793781064,0.12784935579782,0.113974231912785,-0.0138751238850347,1009
wi_224,WISCONSIN,0.601451969716076,0.0185340623811425,0.197776012708499,0.311755361397935,0.113979348689436,2518
wi_225,WISCONSIN,0.246346568810244,0.615619700826897,0.00884955752212389,0.173451327433628,0.164601769911504,565
wi_226,WISCONSIN,0.467177938308115,0.578735451302214,0.0220588235294118,0.352941176470588,0.330882352941177,136
wi_227,WISCONSIN,0.225571752592766,0.478338844451362,0.0769230769230769,0.0118343195266272,-0.0650887573964497,338
wi_228,WISCONSIN,0.535906408881489,0.371872263700321,0,0.111111111111111,0.111111111111111,558
wi_229,WISCONSIN,0.157933614716939,-0.554818855330156,0.183098591549296,0.253521126760563,0.0704225352112676,71
wi_230,WISCONSIN,0.4210913839571,-0.350723958278814,0.258064516129032,0.370967741935484,0.112903225806452,62
wi_231,WISCONSIN,0.520864953853316,0.0934401021608672,0.153452685421995,0.31074168797954,0.157289002557545,782
wi_232,WISCONSIN,0.161460385677843,-0.0782970094389848,0,0.153225806451613,0.153225806451613,124
wi_233,WISCONSIN,0.560121524822099,-0.0224809640896687,0.0471204188481675,0.0104712041884817,-0.0366492146596859,191
wi_234,WISCONSIN,0.161668699011701,-0.225670326035772,0.213592233009709,0.388349514563107,0.174757281553398,206
wi_235,WISCONSIN,0.121879524320277,-0.117513448803794,0.032520325203252,0.223577235772358,0.191056910569106,246
wi_236,WISCONSIN,0.12727289113426,-0.396779938616597,0.0717488789237668,0.224215246636771,0.152466367713004,223
wi_237,WISCONSIN,0.237054770228505,-0.0317432196298062,0.0647058823529412,0.114705882352941,0.05,340
wi_238,WISCONSIN,0.508849268928818,0.131678755656219,0.221621621621622,0.362162162162162,0.140540540540541,185
wi_239,WISCONSIN,0.114185651277621,0.238125022256418,0.023972602739726,0.0513698630136986,0.0273972602739726,292
wi_240,WISCONSIN,0.103391476229758,0.0748296261320725,0,0.119718309859155,0.119718309859155,142
wi_241,WISCONSIN,0.232177471745489,-0.0885779094726045,0.134653465346535,0.0752475247524752,-0.0594059405940594,505
wi_242,WISCONSIN,0.210800109516821,-0.032929670993667,0.0269323996768112,0.0457850794505791,0.0188526797737678,3713
wi_243,WISCONSIN,0.00651357805291219,-0.0206320348599604,0.00645161290322581,0.129032258064516,0.12258064516129,155
wi_244,WISCONSIN,0.588488424311287,0.0197217852332225,0,0.255633802816901,0.255633802816901,1420
wi_245,WISCONSIN,0.48784929675654,0.037994277899462,0.0347222222222222,0.159722222222222,0.125,144
wi_246,WISCONSIN,0.562307786189064,0.0656461553941032,0.0427807486631016,0.117647058823529,0.0748663101604278,187
wi_247,WISCONSIN,0.420511253637491,0.100353885401181,0.0510948905109489,0.27007299270073,0.218978102189781,137
wi_248,WISCONSIN,0.418921812284475,0.0428108630241918,0.100917431192661,0.311926605504587,0.211009174311927,109
wi_249,WISCONSIN,0.332089207713342,0.172219728669471,0.0689655172413793,0.193103448275862,0.124137931034483,145
wi_250,WISCONSIN,0.327352615230286,-0.13835578397834,0,0.0606060606060606,0.0606060606060606,99
wi_251,WISCONSIN,0.281440140903411,0.0315315405573554,0.209150326797386,0.150326797385621,-0.0588235294117647,153
wi_252,WISCONSIN,0.218784919332547,-0.108863762734483,0.0561797752808989,0.303370786516854,0.247191011235955,89
wi_253,WISCONSIN,0.35539256536719,-0.0155342397544373,0.0973782771535581,0.269662921348315,0.172284644194757,267
wi_254,WISCONSIN,0.457108506555464,0.075145972674771,0.0112781954887218,0.093984962406015,0.0827067669172932,532
wi_255,WISCONSIN,0.419664811267952,0.00744102976093363,0.0384615384615385,0.192307692307692,0.153846153846154,182
wi_256,WISCONSIN,0.232006292477896,0.0432804063839011,0,0.156488549618321,0.156488549618321,262
wi_257,WISCONSIN,0.480474187897133,0.138540091586922,0.184732824427481,0.163358778625954,-0.0213740458015267,655
wi_258,WISCONSIN,0.255230906876714,-0.043416603809469,0.26619294889314,0.198961464881115,-0.0672314840120252,3659
wi_259,WISCONSIN,0.40482429654445,-0.0172455135442538,0.549132947976879,0.404624277456647,-0.144508670520231,173
wi_260,WISCONSIN,0.363610966548195,-0.0909954343846466,0.202127659574468,0.226950354609929,0.024822695035461,282
wi_261,WISCONSIN,0.311952673674278,0.0268326263632092,0.320557491289199,0.320557491289199,0,287
wi_262,WISCONSIN,0.437463983184476,-0.0523726550822258,0.281862745098039,0.232843137254902,-0.0490196078431373,408
wi_263,WISCONSIN,0.447470196748358,-0.105926840377449,0.223350253807107,0.251269035532995,0.0279187817258883,394
wi_264,WISCONSIN,0.414274804063611,-0.0179998470686507,0.291970802919708,0.236009732360097,-0.0559610705596107,411
wi_265,WISCONSIN,0.257061161732833,-0.031234572138407,0.222614840989399,0.219081272084806,-0.00353356890459364,283
wi_266,WISCONSIN,0.647826721803553,0.0327681146045986,0.110731081658829,0.220179563916204,0.109448482257375,2339
wi_267,WISCONSIN,0.257190063196966,0.0106025481358147,0.284046692607004,0.21011673151751,-0.0739299610894942,257
wi_268,WISCONSIN,0.374157722725018,-0.126400532605829,0.292265571526352,0.282683093771389,-0.00958247775496235,1461
wi_269,WISCONSIN,0.200339113976592,0.0856019277443515,0.217977528089888,0.150561797752809,-0.0674157303370787,445
wi_270,WISCONSIN,0.20868804979666,0.0601259236690924,0.23224043715847,0.218579234972678,-0.0136612021857924,366
wi_271,WISCONSIN,0.126004308025182,-0.091689175033636,0.260956175298805,0.260956175298805,0,502
wi_272,WISCONSIN,0.326189789711417,0.070152933206678,0.19422150882825,0.245585874799358,0.0513643659711076,623
wi_273,WISCONSIN,0.0772462551948145,0.00601295011866905,0.386842105263158,0.226315789473684,-0.160526315789474,380
wi_274,WISCONSIN,0.503534394336078,-0.133489075802498,0.284531426420775,0.258185923974407,-0.0263455024463681,2657
wi_275,WISCONSIN,0.0782773180900116,-0.141853904190927,0.255364806866953,0.195278969957082,-0.0600858369098712,466
wi_276,WISCONSIN,0.218044142489402,0.0613592079363325,0.302721088435374,0.183673469387755,-0.119047619047619,294
wi_277,WISCONSIN,0.13423712776216,-0.122275077303141,0.266497461928934,0.269035532994924,0.0025380710659898,394
wi_278,WISCONSIN,0.277674498696926,-0.0206811952977285,0.271708683473389,0.266106442577031,-0.00560224089635852,357
wi_279,WISCONSIN,0.184196201988709,0.00423333520322119,0.332278481012658,0.314873417721519,-0.0174050632911392,632
wi_280,WISCONSIN,0.182180461793019,-0.0520126034458287,0.236914600550964,0.184573002754821,-0.0523415977961433,363
wi_281,WISCONSIN,0.147496887119855,-0.0544272009832082,0.153179190751445,0.23121387283237,0.0780346820809248,346
wi_282,WISCONSIN,0.230327978514383,-0.0724699925138285,0.211886304909561,0.162790697674419,-0.0490956072351421,387
wi_283,WISCONSIN,0.238738947598047,-0.168571672321156,0.222910216718266,0.114551083591331,-0.108359133126935,323
wi_284,WISCONSIN,0.0105207266080964,-0.26558204664822,0.216284987277354,0.213740458015267,-0.00254452926208651,393
wi_285,WISCONSIN,0.255484473839757,-0.0119896202439592,0.312757201646091,0.176954732510288,-0.135802469135803,486
wi_286,WISCONSIN,0.139020100110541,0.103855670199824,0.390625,0.373046875,-0.017578125,512
wi_287,WISCONSIN,0.662324717768815,-0.0863875686427768,0.261744966442953,0.389261744966443,0.12751677852349,596
wi_288,WISCONSIN,0.182268703795316,-0.188242419597187,0.370919881305638,0.27299703264095,-0.0979228486646884,337
wi_289,WISCONSIN,0.332277455661249,0.166775199996575,0.106401766004415,0.236203090507726,0.129801324503311,4530
wi_290,WISCONSIN,0.495449507816196,-0.0980662137114622,0.206766917293233,0.37218045112782,0.165413533834586,266
wi_291,WISCONSIN,0.200134321512076,-0.342272070512161,0.0963855421686747,0.0891566265060241,-0.0072289156626506,415
wi_292,WISCONSIN,0.353984010971029,-0.171339153993844,0.263736263736264,0.331868131868132,0.0681318681318681,455
wi_293,WISCONSIN,0.117247281629307,-0.106698736750612,0.00390625,0.10546875,0.1015625,512
wi_294,WISCONSIN,0.127267675661732,-0.0112772730912325,0.0967741935483871,0.0935483870967742,-0.0032258064516129,620
wi_295,WISCONSIN,0.0953203748616998,-0.154181796726844,0.193359375,0.17578125,-0.017578125,512
wi_296,WISCONSIN,0.293273678894163,0.0690705676999037,0.119909502262443,0.414027149321267,0.294117647058823,442
wi_297,WISCONSIN,0.275573492242809,0.0648907661984752,0.127118644067797,0.11864406779661,-0.00847457627118643,236
wi_298,WISCONSIN,0.222739845574731,-0.0285255338189384,0.0410958904109589,0.181506849315068,0.14041095890411,292
wi_299,WISCONSIN,0.180049558256462,0.00674782562048032,0.273344651952462,0.293718166383701,0.0203735144312394,589
wi_300,WISCONSIN,0.149617520937383,-0.0202195020713235,0.0798969072164948,0.185567010309278,0.105670103092784,388
wi_301,WISCONSIN,0.0605864792639101,0.0970302156806239,0.00680272108843537,0.00680272108843537,0,147
wi_302,WISCONSIN,0.186600497490806,0.0431181635560189,0.186915887850467,0.174454828660436,-0.0124610591900312,321
wi_303,WISCONSIN,0.391043820366391,-0.25132929479724,0.244155844155844,0.320779220779221,0.0766233766233766,770
wi_304,WISCONSIN,0.302594785265275,-0.179643364291163,0.133140376266281,0.11287988422576,-0.020260492040521,1382
wi_305,WISCONSIN,0.0471259511239792,-0.155655910526512,0.136363636363636,0.185064935064935,0.0487012987012987,308
wi_306,WISCONSIN,0.429953433824106,-0.136646896856946,0.0795930580490724,0.224416517055655,0.144823459006583,1671
wi_307,WISCONSIN,0.423022050911075,0.258261408585404,0.0897755610972569,0.192019950124688,0.102244389027431,401
wi_308,WISCONSIN,0.358527350969057,0.241450745667537,0.09,0.26,0.17,200
wi_309,WISCONSIN,0.397972032386565,0.0313755032369568,0.252747252747253,0.406593406593407,0.153846153846154,91
wi_310,WISCONSIN,0.186405300187713,0.133214456026984,0.0882352941176471,0.441176470588235,0.352941176470588,68
wi_311,WISCONSIN,0.126671810442273,0.149438586242464,0.093984962406015,0.0488721804511278,-0.0451127819548872,266
wi_312,WISCONSIN,0.193718932334524,0.78747068766807,0.0491803278688525,0.262295081967213,0.213114754098361,122
wi_313,WISCONSIN,0.221957791624577,0.0778244423724157,0.0966542750929368,0.193308550185874,0.0966542750929368,269
wi_314,WISCONSIN,0.318647937352989,0.21798167220401,0.040983606557377,0.0860655737704918,0.0450819672131148,244
wi_315,WISCONSIN,0.199554214440098,0.0424137306942165,0.0828402366863906,0.130177514792899,0.0473372781065089,169
wi_316,WISCONSIN,0.0103886580298216,0.145575719963002,0.211538461538462,0.365384615384615,0.153846153846154,52
wi_317,WISCONSIN,0.614190952063743,0.138837199084357,0.324766355140187,0.242990654205607,-0.0817757009345795,428
wi_318,WISCONSIN,0.163061598776982,0.0409355896679041,0.120967741935484,0.282258064516129,0.161290322580645,124
wi_319,WISCONSIN,0.327051243645782,0.537156415869352,0.0481099656357388,0.278350515463918,0.230240549828179,873
wi_320,WISCONSIN,0.00818961550685401,-0.00278719287482917,0.234929078014184,0.179078014184397,-0.0558510638297872,1128
wi_321,WISCONSIN,0.338970928517722,0.0118653628731759,0.300145560407569,0.367103347889374,0.066957787481805,6870
wi_322,WISCONSIN,0.210608266394153,0.319295292655936,0.00934579439252336,0.0168224299065421,0.00747663551401869,535
wi_323,WISCONSIN,0.222207707159743,-0.0360716514733033,0.0914127423822715,0.10803324099723,0.0166204986149584,361
wi_324,WISCONSIN,0.0430493289019116,-0.00501353743836383,0,0.00564971751412429,0.00564971751412429,354
wi_325,WISCONSIN,0.131881648161043,0.145640033305718,0.0787234042553192,0.136170212765957,0.0574468085106383,470
wi_326,WISCONSIN,0.119414568221705,-0.0494190935046582,0.00623052959501558,0.0171339563862928,0.0109034267912773,642
wi_327,WISCONSIN,0.455170976988754,0.0348519118926979,0.171223021582734,0.223021582733813,0.0517985611510791,695
wi_328,WISCONSIN,0.0810389216289671,0.0768321333276499,0.00196078431372549,0.0176470588235294,0.0156862745098039,510
wi_329,WISCONSIN,0.290867030457581,0.0997395803663822,0.023489932885906,0.187919463087248,0.164429530201342,298
wi_330,WISCONSIN,0.154961731089408,-0.0354951927065033,0.0107033639143731,0.055045871559633,0.04434250764526,654
wi_331,WISCONSIN,0.12708199417291,0.0767717720013048,0.00192678227360308,0.00385356454720617,0.00192678227360308,519
wi_332,WISCONSIN,0.167422537225821,0.172406765611398,0.131004366812227,0.126637554585153,-0.00436681222707425,458
wi_333,WISCONSIN,0.208315140449693,0.0770036294652779,0.00253164556962025,0.146835443037975,0.144303797468354,395
wi_334,WISCONSIN,0.352356998826907,0.0740998400235344,0.0553097345132743,0.0973451327433628,0.0420353982300885,452
wi_336,WISCONSIN,0.257216348936459,0.0861126137270789,0.311643835616438,0.157534246575342,-0.154109589041096,584
wi_337,WISCONSIN,0.221434985243161,-0.0195503087387271,0.295673076923077,0.298076923076923,0.00240384615384615,416
wi_338,WISCONSIN,0.133217700159868,0.143186745848115,0.192771084337349,0.197590361445783,0.00481927710843372,415
wi_339,WISCONSIN,0.0952645276806543,-0.0349021051648534,0.322727272727273,0.240909090909091,-0.0818181818181819,440
wi_340,WISCONSIN,0.0673939651521981,0.0923623056150591,0.156494522691706,0.122065727699531,-0.0344287949921753,639
wi_341,WISCONSIN,0.263236155417634,-0.0449909092085109,0.194915254237288,0.209745762711864,0.0148305084745763,472
wi_342,WISCONSIN,0.27482017762311,0.148381358610952,0.537634408602151,0.31989247311828,-0.217741935483871,372
wi_343,WISCONSIN,0.242283277811091,0.184693604338594,0.152744630071599,0.105011933174224,-0.0477326968973747,419
wi_344,WISCONSIN,0.252466853379225,0.0919303138532872,0.216117216117216,0.144688644688645,-0.0714285714285714,546
wi_345,WISCONSIN,0.168451396449561,-0.00822393424365172,0.224832214765101,0.25503355704698,0.0302013422818792,298
wi_346,WISCONSIN,0.216227489213228,-0.0315964962773956,0.324435318275154,0.254620123203285,-0.0698151950718686,487
wi_347,WISCONSIN,0.151484469532942,-0.143983822354441,0.247422680412371,0.244845360824742,-0.00257731958762888,388
wi_348,WISCONSIN,0.231595952292863,-0.00321478414007149,0.385915492957746,0.323943661971831,-0.0619718309859155,355
wi_350,WISCONSIN,0.444278737560115,0.0144320263905952,0.315608263198164,0.343534812547819,0.0279265493496557,2614
wi_351,WISCONSIN,0.380327754930743,-0.110655933683315,0.246879875195008,0.333853354134165,0.0869734789391576,2564
wi_352,WISCONSIN,0.0925783954759302,-0.153979740524266,0.265765765765766,0.310810810810811,0.045045045045045,222
wi_353,WISCONSIN,0.219512195121951,0.141620462726521,0.185365853658537,0.136585365853659,-0.048780487804878,205
wi_354,WISCONSIN,0.206226815557,0.0283897345777573,0.186708860759494,0.186708860759494,0,316
wi_355,WISCONSIN,0.699619771863118,0.114730841887113,0.347908745247148,0.361216730038023,0.0133079847908745,526
wi_356,WISCONSIN,0.453302961275626,0.0271525182095474,0.416856492027335,0.546697038724374,0.129840546697039,439
wi_357,WISCONSIN,0.124309392265193,0.0398552774580235,0.196132596685083,0.154696132596685,-0.0414364640883978,362
wi_358,WISCONSIN,0.239482200647249,0.404412258062189,0.252427184466019,0.281553398058252,0.029126213592233,309
wi_359,WISCONSIN,0.401006711409396,0.0625292899398878,0.380872483221477,0.429530201342282,0.0486577181208054,596
wi_360,WISCONSIN,0.234939759036145,-0.179536926185212,0.168674698795181,0.192771084337349,0.0240963855421687,166
wi_361,WISCONSIN,0.303426688076756,0.343899368258248,0.290766208251474,0.280943025540275,-0.00982318271119842,509
wi_362,WISCONSIN,0.136823805990326,-0.0552139119519426,0.241666666666667,0.211111111111111,-0.0305555555555556,360
wi_363,WISCONSIN,0.225705329153605,-0.1333978090796,0.100313479623824,0.219435736677116,0.119122257053292,319
wi_364,WISCONSIN,0.398576512455516,0.00106074840282211,0.188612099644128,0.227758007117438,0.0391459074733096,281
wi_365,WISCONSIN,0.0477611940298508,-0.0185657197374616,0.328358208955224,0.00298507462686567,-0.325373134328358,335
wi_366,WISCONSIN,0.463074011638753,-0.0731167955826464,0.281407035175879,0.283234353586112,0.00182731841023298,2189
wi_367,WISCONSIN,0.107787723900443,-0.0567490730313332,0.0242718446601942,0.20873786407767,0.184466019417476,206
wi_368,WISCONSIN,0.507171390179747,-0.399946401995521,0.0147420147420147,0.16953316953317,0.154791154791155,407
wi_369,WISCONSIN,0.198883753201302,-0.328058182091767,0.054945054945055,0.054945054945055,0,91
wi_370,WISCONSIN,0.280933378971791,-0.266805339554248,0.0532319391634981,0.091254752851711,0.0380228136882129,263
